model,split,rmspe,rmse,mae,mape,r2
Ridge Regression,validation,0.11252261708804316,768.8460754548922,526.3368259693037,0.08867069077343767,0.9313009925076082
Ridge Regression,test,0.11505234689263484,737.74517325749,521.6683275794264,0.09091692111085457,0.9370580804715619
XGBoost,validation,0.11698885254408319,759.9603571843054,528.3747619628906,0.09106391166040308,0.9328797546358305
XGBoost,test,0.11795110783461447,788.8779678472692,537.7604738507952,0.09239705204594391,0.9280307654053996
